סמל יישוב,שם יישוב,סך הכל(2)
סך הכל(1),,"9,140,473"
472,אבו גוש,"7,698"
473,אבו סנאן,"14,099"
1342,אבו קורינאת (יישוב),"1,904"
1375,אבו תלול,"2,023"
652,אבטין,"2,835"
1275,אבטליון,468
679,אביאל,821
1115,אביבים,471
819,אביגדור,826
175,אביחיל,"1,422"
2052,אביטל,494
1070,אביעזר,875
1220,אבירים,263
182,אבן יהודה,"13,826"
1081,אבן מנחם,299
783,אבן ספיר,703
400,אבן שמואל,"1,807"
4011,אבני איתן,725
3793,אבני חפץ,"1,923"
3786,אבנת,237
1311,אבשלום,298
3759,אדורה,462
113,אדירים,272
1068,אדמית,216
1123,אדרת,883
446,אודים,"1,379"
4010,אודם,155
1046,אוהד,408
2710,אום אל-פחם,"56,109"
2024,אום אל-קוטוף,"1,117"
1358,אום בטין,"4,277"
1108,אומן,387
680,אומץ,849
31,אופקים,"30,662"
31,אופקים,"5,246"
31,אופקים,"2,773"
31,אופקים,"3,045"
31,אופקים,"3,051"
31,אופקים,"6,123"
31,אופקים,"10,424"
1294,אור הגנוז,574
67,אור הנר,769
2400,אור יהודה,"36,813"
2400,אור יהודה,"5,920"
2400,אור יהודה,"2,489"
2400,אור יהודה,"2,332"
2400,אור יהודה,"3,505"
2400,אור יהודה,"2,122"
2400,אור יהודה,"3,261"
2400,אור יהודה,"1,797"
2400,אור יהודה,"7,181"
2400,אור יהודה,"3,332"
2400,אור יהודה,"4,412"
2400,אור יהודה,462
1020,אור עקיבא,"18,972"
1020,אור עקיבא,"4,882"
1020,אור עקיבא,"3,066"
1020,אור עקיבא,"4,878"
1020,אור עקיבא,"2,232"
1020,אור עקיבא,"3,914"
780,אורה,"1,314"
2012,אורות,496
4013,אורטל,343
403,אורים,502
882,אורנים,178
3760,אורנית,"8,955"
278,אושה,533
565,אזור,"12,957"
565,אזור,"4,334"
565,אזור,"3,901"
565,אזור,"4,721"
1157,אחווה,303
821,אחוזם,547
1330,אחוזת ברק,"2,279"
785,אחיהוד,892
850,אחיטוב,"1,093"
804,אחיסמך,"1,377"
797,אחיעזר,"1,906"
338,איבים,458
716,אייל,534
77,איילת השחר,"1,134"
294,אילון,"1,031"
1126,אילות,315
49,אילנייה,490
2600,אילת,"52,299"
2600,אילת,"1,012"
2600,אילת,"4,594"
2600,אילת,"4,128"
2600,אילת,"3,970"
2600,אילת,"3,052"
2600,אילת,"5,856"
2600,אילת,"3,727"
2600,אילת,"2,293"
2600,אילת,"3,576"
2600,אילת,"1,603"
2600,אילת,"3,549"
2600,אילת,"2,139"
2600,אילת,"2,825"
2600,אילת,"9,975"
1336,אירוס,706
3762,איתמר,"1,269"
37,איתן,464
886,איתנים,81
478,אכסאל,"14,784"
1339,אל -עזי,196
1316,אל -עריאן,191
4003,אל -רום,398
1359,אל סייד,"5,875"
1145,אלומה,537
330,אלומות,405
1182,אלון הגליל,"1,118"
3579,אלון מורה,"1,920"
3604,אלון שבות,"3,098"
429,אלוני אבא,992
4017,אלוני הבשן,457
868,אלוני יצחק,309
285,אלונים,515
4002,אלי-עד,433
1365,אליאב,546
41,אליכין,"3,415"
1248,אליפז,150
730,אליפלט,651
682,אליקים,910
204,אלישיב,714
841,אלישמע,"1,200"
1125,אלמגור,418
3556,אלמוג,254
1309,אלעד,"48,763"
1309,אלעד,"7,878"
1309,אלעד,"6,935"
1309,אלעד,"5,376"
1309,אלעד,"6,653"
1309,אלעד,"6,407"
1309,אלעד,"7,241"
1309,אלעד,"8,274"
3618,אלעזר,"2,459"
3750,אלפי מנשה,"7,952"
603,אלקוש,275
3560,אלקנה,"3,838"
772,אמונים,993
1064,אמירים,866
1253,אמנון,392
23,אמציה,263
4012,אניעם,533
3754,אספר,932
529,אעבלין,"13,305"
4301,אפיק,345
176,אפיקים,"1,511"
313,אפק,713
3650,אפרת,"10,806"
701,ארבל,735
3598,ארגמן,132
714,ארז,557
3570,אריאל,"20,540"
3570,אריאל,"2,113"
3570,אריאל,"2,716"
3570,אריאל,"5,353"
3570,אריאל,"4,045"
3570,אריאל,"6,314"
1324,ארסוף,165
71,אשבול,652
1276,אשבל,126
70,אשדוד,"225,939"
70,אשדוד,63
70,אשדוד,"2,826"
70,אשדוד,"4,040"
70,אשדוד,"2,472"
70,אשדוד,"3,861"
70,אשדוד,"2,166"
70,אשדוד,"1,773"
70,אשדוד,"3,994"
70,אשדוד,"5,929"
70,אשדוד,"3,365"
70,אשדוד,"4,718"
70,אשדוד,"7,155"
70,אשדוד,"12,230"
70,אשדוד,"7,356"
70,אשדוד,"3,356"
70,אשדוד,"4,002"
70,אשדוד,"3,886"
70,אשדוד,"3,450"
70,אשדוד,"3,192"
70,אשדוד,"3,789"
70,אשדוד,"3,873"
70,אשדוד,"5,748"
70,אשדוד,"2,578"
70,אשדוד,"3,178"
70,אשדוד,"2,347"
70,אשדוד,"2,375"
70,אשדוד,"1,394"
70,אשדוד,"2,077"
70,אשדוד,"6,279"
70,אשדוד,"4,123"
70,אשדוד,"6,045"
70,אשדוד,"5,019"
70,אשדוד,"4,689"
70,אשדוד,"4,455"
70,אשדוד,"5,317"
70,אשדוד,"2,760"
70,אשדוד,"1,814"
70,אשדוד,"5,064"
70,אשדוד,"4,203"
70,אשדוד,"3,182"
70,אשדוד,"4,277"
70,אשדוד,"3,467"
70,אשדוד,"2,525"
70,אשדוד,"6,844"
70,אשדוד,"6,958"
70,אשדוד,"9,454"
70,אשדוד,"4,608"
70,אשדוד,"2,567"
70,אשדוד,"5,366"
70,אשדוד,"3,883"
70,אשדוד,"4,477"
70,אשדוד,"5,572"
70,אשדוד,"5,801"
199,אשדות יעקב (איחוד),"1,003"
188,אשדות יעקב (מאוחד),545
1188,אשחר,965
3722,אשכולות,577
2021,אשל הנשיא,356
1152,אשלים,568
7100,אשקלון,"144,073"
7100,אשקלון,"12,936"
7100,אשקלון,"8,518"
7100,אשקלון,"9,484"
7100,אשקלון,"5,374"
7100,אשקלון,"2,353"
7100,אשקלון,"4,769"
7100,אשקלון,"5,452"
7100,אשקלון,"4,079"
7100,אשקלון,"5,330"
7100,אשקלון,"4,365"
7100,אשקלון,891
7100,אשקלון,"4,469"
7100,אשקלון,"6,680"
7100,אשקלון,"8,877"
7100,אשקלון,"3,623"
7100,אשקלון,"3,659"
7100,אשקלון,"3,758"
7100,אשקלון,514
7100,אשקלון,"1,745"
7100,אשקלון,"4,122"
7100,אשקלון,"5,076"
7100,אשקלון,"3,864"
7100,אשקלון,"9,091"
7100,אשקלון,"4,628"
7100,אשקלון,"1,903"
7100,אשקלון,"3,932"
7100,אשקלון,"6,079"
7100,אשקלון,"3,568"
7100,אשקלון,"4,932"
7100,אשקלון,..
1256,אשרת,587
740,אשתאול,"1,238"
6000,באקה אל-גרביה,"29,950"
21,באר אורה,"1,033"
1376,באר גנים,"1,525"
155,באר טוביה,"1,289"
2530,באר יעקב,"27,768"
1278,באר מילכה,188
9000,באר שבע,"209,687"
9000,באר שבע,"2,264"
9000,באר שבע,"2,158"
9000,באר שבע,"1,928"
9000,באר שבע,"3,252"
9000,באר שבע,"1,037"
9000,באר שבע,"1,175"
9000,באר שבע,"2,382"
9000,באר שבע,"2,574"
9000,באר שבע,"1,052"
9000,באר שבע,"3,455"
9000,באר שבע,"4,611"
9000,באר שבע,"3,923"
9000,באר שבע,"5,205"
9000,באר שבע,"1,760"
9000,באר שבע,"3,349"
9000,באר שבע,"2,925"
9000,באר שבע,"3,045"
9000,באר שבע,"2,415"
9000,באר שבע,"2,129"
9000,באר שבע,"3,385"
9000,באר שבע,"1,364"
9000,באר שבע,"3,017"
9000,באר שבע,"3,562"
9000,באר שבע,"4,939"
9000,באר שבע,"3,136"
9000,באר שבע,610
9000,באר שבע,"6,884"
9000,באר שבע,"2,548"
9000,באר שבע,"6,790"
9000,באר שבע,"6,886"
9000,באר שבע,"7,788"
9000,באר שבע,"5,415"
9000,באר שבע,"5,796"
9000,באר שבע,"4,633"
9000,באר שבע,"3,443"
9000,באר שבע,"3,282"
9000,באר שבע,"1,622"
9000,באר שבע,"3,752"
9000,באר שבע,"1,897"
9000,באר שבע,"3,345"
9000,באר שבע,"3,446"
9000,באר שבע,"2,175"
9000,באר שבע,"3,004"
9000,באר שבע,"3,012"
9000,באר שבע,"4,660"
9000,באר שבע,"4,748"
9000,באר שבע,"5,304"
9000,באר שבע,"2,190"
9000,באר שבע,527
9000,באר שבע,"1,716"
9000,באר שבע,"4,339"
9000,באר שבע,"3,774"
9000,באר שבע,"3,174"
9000,באר שבע,549
9000,באר שבע,"2,865"
9000,באר שבע,"4,792"
9000,באר שבע,"5,105"
9000,באר שבע,"1,204"
9000,באר שבע,"18,368"
450,בארות יצחק,414
697,בארותיים,"1,143"
399,בארי,"1,049"
559,בוסתן הגליל,"1,302"
482,בועיינה-נוג'ידאת,"9,812"
4001,בוקעאתא,"6,610"
698,בורגתה,"1,136"
2043,בחן,"1,084"
762,בטחה,777
234,ביצרון,"1,258"
998,ביר אל-מכסור,"9,522"
1348,ביר הדאג',"5,874"
368,בירייה,839
317,בית אורן,507
3574,בית אל,"5,973"
562,בית אלעזרי,"1,568"
95,בית אלפא,"1,075"
3652,בית אריה-עופרים,"5,253"
1076,בית ברל,198
480,בית ג'ן,"12,001"
619,בית גוברין,435
571,בית גמליאל,"1,019"
466,בית דגן,"7,285"
723,בית הגדי,847
373,בית הלוי,828
322,בית הלל,775
572,בית העמק,578
3645,בית הערבה,350
242,בית השיטה,"1,263"
353,בית זיד,83
710,בית זית,"1,708"
143,בית זרע,578
3575,בית חורון,"1,437"
877,בית חירות,916
2033,בית חלקיה,"1,248"
159,בית חנן,542
800,בית חנניה,907
1050,בית חשמונאי,"2,197"
288,בית יהושע,"1,046"
265,בית יוסף,481
200,בית ינאי,372
326,בית יצחק-שער חפר,"2,131"
430,בית לחם הגלילית,843
751,בית מאיר,878
784,בית נחמיה,879
16,בית ניר,609
672,בית נקופה,744
202,בית עובד,263
301,בית עוזיאל,625
756,בית עזרא,"1,116"
604,בית עריף,"1,174"
212,בית צבי,347
598,בית קמה,"1,405"
365,בית קשת,712
848,בית רבן,"1,018"
1162,בית רימון,876
9200,בית שאן,"18,464"
9200,בית שאן,"4,458"
9200,בית שאן,"2,012"
9200,בית שאן,"5,103"
9200,בית שאן,"6,890"
2610,בית שמש,"124,957"
2610,בית שמש,"11,563"
2610,בית שמש,"5,210"
2610,בית שמש,"5,425"
2610,בית שמש,"3,447"
2610,בית שמש,"4,507"
2610,בית שמש,90
2610,בית שמש,"2,734"
2610,בית שמש,"4,803"
2610,בית שמש,"1,089"
2610,בית שמש,"4,163"
2610,בית שמש,"3,243"
2610,בית שמש,"8,467"
2610,בית שמש,"5,301"
2610,בית שמש,"6,698"
2610,בית שמש,"10,592"
2610,בית שמש,"7,711"
2610,בית שמש,"7,330"
2610,בית שמש,"5,784"
2610,בית שמש,"5,898"
2610,בית שמש,"6,222"
2610,בית שמש,"14,680"
248,בית שערים,766
747,בית שקמה,863
252,ביתן אהרן,152
3780,ביתר עילית,"59,270"
3780,ביתר עילית,"3,842"
3780,ביתר עילית,"5,626"
3780,ביתר עילית,"6,869"
3780,ביתר עילית,"4,010"
3780,ביתר עילית,"4,529"
3780,ביתר עילית,"27,162"
3780,ביתר עילית,"7,232"
94,בלפוריה,528
760,בן זכאי,"1,132"
712,בן עמי,766
1084,בן שמן (כפר נוער),620
2013,בן שמן (מושב),870
6100,בני ברק,"204,639"
6100,בני ברק,"2,595"
6100,בני ברק,"3,618"
6100,בני ברק,"4,436"
6100,בני ברק,"6,727"
6100,בני ברק,60
6100,בני ברק,"3,842"
6100,בני ברק,"5,190"
6100,בני ברק,"9,439"
6100,בני ברק,"6,787"
6100,בני ברק,"4,964"
6100,בני ברק,"5,148"
6100,בני ברק,"4,074"
6100,בני ברק,"4,345"
6100,בני ברק,"7,477"
6100,בני ברק,"9,544"
6100,בני ברק,"3,492"
6100,בני ברק,"7,935"
6100,בני ברק,"8,285"
6100,בני ברק,"7,056"
6100,בני ברק,"4,762"
6100,בני ברק,"4,721"
6100,בני ברק,"5,653"
6100,בני ברק,"10,432"
6100,בני ברק,"5,325"
6100,בני ברק,"7,139"
6100,בני ברק,"7,038"
6100,בני ברק,"9,833"
6100,בני ברק,"2,193"
6100,בני ברק,"5,024"
6100,בני ברק,"2,938"
6100,בני ברק,"3,855"
6100,בני ברק,"2,276"
6100,בני ברק,"3,620"
6100,בני ברק,"4,349"
6100,בני ברק,"4,893"
6100,בני ברק,"4,839"
6100,בני ברק,"6,574"
6100,בני ברק,"4,161"
1368,בני דקלים,"1,211"
592,בני דרום,903
386,בני דרור,"1,171"
4015,בני יהודה,"1,085"
1363,בני נצרים,770
448,בני עטרות,964
1066,"בני עי""ש","6,978"
418,בני ציון,"1,370"
588,בני ראם,"1,417"
685,בניה,798
9800,בנימינה-גבעת עדה*,"15,847"
9800,בנימינה-גבעת עדה*,"4,481"
9800,בנימינה-גבעת עדה*,"4,172"
9800,בנימינה-גבעת עדה*,"5,032"
9800,בנימינה-גבעת עדה*,"2,161"
1326,"בסמ""ה","10,010"
944,בסמת טבעון,"7,916"
483,בענה,"8,381"
389,בצרה,"1,213"
589,בצת,295
864,בקוע,786
3612,בקעות,182
823,בר גיורא,674
1191,בר יוחאי,"1,072"
3744,ברוכין,"1,166"
428,ברור חיל,954
2060,ברוש,564
3710,ברכה,"2,757"
746,ברכיה,"1,274"
667,ברעם,594
141,ברק,411
617,ברקאי,553
3654,ברקן,"1,895"
2038,ברקת,"2,082"
1323,בת הדר,760
1361,בת חן,412
1319,בת חפר,"5,301"
6200,בת ים,"129,013"
6200,בת ים,"4,047"
6200,בת ים,"3,115"
6200,בת ים,"4,809"
6200,בת ים,"3,342"
6200,בת ים,"3,145"
6200,בת ים,"4,195"
6200,בת ים,"2,842"
6200,בת ים,"2,895"
6200,בת ים,"4,230"
6200,בת ים,"4,240"
6200,בת ים,"2,571"
6200,בת ים,"4,067"
6200,בת ים,"2,232"
6200,בת ים,"2,622"
6200,בת ים,"2,032"
6200,בת ים,"2,601"
6200,בת ים,"1,875"
6200,בת ים,"1,549"
6200,בת ים,"3,590"
6200,בת ים,"2,477"
6200,בת ים,"3,273"
6200,בת ים,"3,674"
6200,בת ים,"3,594"
6200,בת ים,"2,307"
6200,בת ים,"3,070"
6200,בת ים,"5,121"
6200,בת ים,"3,660"
6200,בת ים,"4,427"
6200,בת ים,"3,936"
6200,בת ים,"4,654"
6200,בת ים,"2,079"
6200,בת ים,"2,503"
6200,בת ים,"2,777"
6200,בת ים,"3,084"
6200,בת ים,"2,902"
6200,בת ים,"3,162"
6200,בת ים,"3,767"
6200,בת ים,"5,066"
6200,בת ים,"3,478"
3794,בת עין,"1,568"
33,בת שלמה,656
1292,ג'דיידה-מכר,"21,163"
485,ג'ולס,"6,465"
627,ג'לג'וליה,"10,148"
541,ג'סר א-זרקא,"14,930"
487,ג'ש (גוש חלב),"3,105"
628,ג'ת,"12,100"
872,גאולי תימן,359
379,גאולים,968
853,גאליה,973
352,גבולות,358
424,גבים,621
86,גבע,618
3763,גבע בנימין,"5,682"
683,גבע כרמל,"1,200"
2014,גבעולים,386
3644,גבעון החדשה,"1,067"
1344,גבעות בר,"1,230"
1293,גבעת אבני,"2,049"
1288,גבעת אלה,"1,964"
147,גבעת ברנר,"2,678"
870,גבעת השלושה,870
3730,גבעת זאב,"18,420"
3730,גבעת זאב,"1,994"
3730,גבעת זאב,"4,409"
3730,גבעת זאב,"7,561"
3730,גבעת זאב,"4,456"
207,"גבעת ח""ן",374
2018,גבעת חיים (איחוד),"1,176"
173,גבעת חיים (מאוחד),"1,020"
4021,גבעת יואב,707
787,גבעת יערים,"1,455"
919,גבעת ישעיהו,824
802,"גבעת כ""ח",903
360,"גבעת ניל""י",730
703,גבעת עוז,464
681,גבעת שמואל,"26,578"
681,גבעת שמואל,"3,382"
681,גבעת שמואל,"4,987"
681,גבעת שמואל,"4,158"
681,גבעת שמואל,"11,141"
681,גבעת שמואל,"2,910"
566,גבעת שמש,64
1077,גבעת שפירא,410
793,גבעתי,"1,047"
6300,גבעתיים,"60,644"
6300,גבעתיים,"3,357"
6300,גבעתיים,"7,425"
6300,גבעתיים,"4,869"
6300,גבעתיים,"4,659"
6300,גבעתיים,"3,566"
6300,גבעתיים,"4,570"
6300,גבעתיים,"3,383"
6300,גבעתיים,"3,372"
6300,גבעתיים,"4,908"
6300,גבעתיים,"4,519"
6300,גבעתיים,"5,502"
6300,גבעתיים,"3,400"
6300,גבעתיים,"3,734"
6300,גבעתיים,"3,380"
342,גברעם,466
133,גבת,933
35,גדות,434
145,גדיש,397
442,גדעונה,471
2550,גדרה,"28,313"
2550,גדרה,"3,058"
2550,גדרה,"5,920"
2550,גדרה,"4,404"
2550,גדרה,"14,931"
852,גונן,364
755,גורן,426
1219,גורנות הגליל,177
457,גזית,743
370,גזר,287
706,גיאה,969
196,גיבתון,369
1043,גיזו,207
1204,גילון,"1,092"
736,גילת,"1,451"
262,גינוסר,585
92,גיניגר,702
863,גינתון,918
1206,גיתה,291
3613,גיתית,504
393,גלאון,582
3606,גלגל,203
346,גליל ים,533
369,גלעד (אבן יצחק),492
745,גמזו,"1,206"
1072,גן הדרום,636
225,גן השומרון,861
239,גן חיים,816
734,גן יאשיה,997
166,גן יבנה,"23,869"
166,גן יבנה,"5,739"
166,גן יבנה,"11,231"
166,גן יבנה,"6,899"
1274,גן נר,"2,670"
311,גן שורק,694
144,גן שלמה,578
72,גן שמואל,933
836,גנות,587
549,גנות הדר,971
1103,גני הדר,339
1371,גני טל,867
862,גני יוחנן,621
3823,גני מודיעין,"2,603"
218,גני עם,242
229,גני תקווה,"20,398"
229,גני תקווה,"12,217"
229,גני תקווה,"3,125"
229,גני תקווה,"5,057"
842,געש,819
463,געתון,692
39,גפן,410
1129,גרופית,249
4022,גשור,280
305,גשר,428
574,גשר הזיו,"1,614"
340,גת (קיבוץ),869
128,גת רימון,326
494,דאלית אל-כרמל,"17,653"
146,דבורה,217
489,דבורייה,"10,510"
849,דבירה,"1,007"
407,דברת,493
62,דגניה א',528
79,דגניה ב',674
1067,"דוב""ב",483
3747,דולב,"1,448"
738,דור,443
336,דורות,843
475,דחי,703
490,דייר אל-אסד,"12,514"
492,דייר חנא,"10,339"
493,דייר ראפאת,97
2200,דימונה,"34,500"
2200,דימונה,"3,330"
2200,דימונה,"2,191"
2200,דימונה,"2,682"
2200,דימונה,"5,453"
2200,דימונה,"5,726"
2200,דימונה,"1,611"
2200,דימונה,"1,654"
2200,דימונה,"5,599"
2200,דימונה,"1,859"
2200,דימונה,"1,531"
2200,דימונה,"2,863"
2063,דישון,333
300,דלייה,815
431,דלתון,862
1317,דמיידה,515
303,דן,745
302,דפנה,962
1241,דקל,350
1349,דריג'את,"1,244"
702,האון,181
675,הבונים,369
356,הגושרים,820
191,הדר עם,675
9700,הוד השרון,"63,175"
9700,הוד השרון,"3,826"
9700,הוד השרון,"6,920"
9700,הוד השרון,"11,295"
9700,הוד השרון,"3,641"
9700,הוד השרון,"3,038"
9700,הוד השרון,"7,273"
9700,הוד השרון,"5,350"
9700,הוד השרון,"6,317"
9700,הוד השרון,"5,087"
9700,הוד השרון,"4,857"
9700,הוד השרון,"3,463"
9700,הוד השרון,"2,109"
1322,הודיות,324
726,הודייה,548
1186,הושעיה,"2,051"
250,הזורע,914
307,הזורעים,"1,060"
434,החותרים,858
684,היוגב,711
1208,הילה,588
377,המעפיל,869
677,הסוללים,932
423,העוגן,922
3769,הר אדר,"4,088"
3603,הר גילה,"1,635"
1261,הר עמשא,198
464,הראל,264
1249,הרדוף,"1,095"
6400,הרצלייה,"97,470"
6400,הרצלייה,"3,330"
6400,הרצלייה,"4,648"
6400,הרצלייה,"4,447"
6400,הרצלייה,"4,820"
6400,הרצלייה,"5,452"
6400,הרצלייה,"3,701"
6400,הרצלייה,"3,412"
6400,הרצלייה,"1,841"
6400,הרצלייה,"2,220"
6400,הרצלייה,"3,091"
6400,הרצלייה,"4,237"
6400,הרצלייה,"4,062"
6400,הרצלייה,"3,141"
6400,הרצלייה,"3,350"
6400,הרצלייה,"3,161"
6400,הרצלייה,"2,968"
6400,הרצלייה,"3,220"
6400,הרצלייה,"3,596"
6400,הרצלייה,"1,555"
6400,הרצלייה,"5,727"
6400,הרצלייה,"2,637"
6400,הרצלייה,"3,882"
6400,הרצלייה,"2,923"
6400,הרצלייה,"1,056"
6400,הרצלייה,"3,842"
6400,הרצלייה,"2,818"
6400,הרצלייה,"3,771"
6400,הרצלייה,"4,561"
1203,הררית,542
3639,ורד יריחו,341
1133,ורדון,277
815,זבדיאל,559
44,זוהר,350
584,זיקים,852
788,זיתן,"1,064"
9300,זכרון יעקב,"23,206"
9300,זכרון יעקב,"2,408"
9300,זכרון יעקב,"6,470"
9300,זכרון יעקב,"5,851"
9300,זכרון יעקב,"8,476"
799,זכריה,"1,124"
1290,זמר,"7,094"
1065,זמרת,624
816,זנוח,524
2064,זרועה,468
975,זרזיר,"8,119"
818,זרחיה,729
1321,ח'ואלד,710
235,חבצלת השרון,482
1110,חבר,616
717,חגור,"1,162"
3764,חגי,667
205,חגלה,865
4026,חד-נס,810
618,חדיד,875
6500,חדרה,"97,335"
6500,חדרה,"3,655"
6500,חדרה,"3,929"
6500,חדרה,"5,854"
6500,חדרה,"3,385"
6500,חדרה,"7,359"
6500,חדרה,"3,781"
6500,חדרה,"4,841"
6500,חדרה,"5,986"
6500,חדרה,"14,056"
6500,חדרה,"2,697"
6500,חדרה,"2,668"
6500,חדרה,"4,752"
6500,חדרה,"4,051"
6500,חדרה,"4,595"
6500,חדרה,"4,123"
6500,חדרה,"4,138"
6500,חדרה,"3,890"
6500,חדרה,"2,819"
6500,חדרה,"4,088"
6500,חדרה,"5,816"
6500,חדרה,849
160,חולדה,"1,163"
6600,חולון,"196,282"
6600,חולון,143
6600,חולון,"4,137"
6600,חולון,"3,862"
6600,חולון,"4,460"
6600,חולון,"4,310"
6600,חולון,"2,401"
6600,חולון,"3,100"
6600,חולון,"1,640"
6600,חולון,"1,862"
6600,חולון,"2,909"
6600,חולון,"2,145"
6600,חולון,"4,592"
6600,חולון,"2,440"
6600,חולון,"2,464"
6600,חולון,"3,594"
6600,חולון,"3,026"
6600,חולון,"3,777"
6600,חולון,"2,850"
6600,חולון,"3,735"
6600,חולון,"3,543"
6600,חולון,"2,606"
6600,חולון,"1,947"
6600,חולון,"2,567"
6600,חולון,"2,093"
6600,חולון,"4,251"
6600,חולון,"5,036"
6600,חולון,"3,136"
6600,חולון,"5,996"
6600,חולון,"6,623"
6600,חולון,"4,575"
6600,חולון,"13,424"
6600,חולון,247
6600,חולון,"4,326"
6600,חולון,"2,926"
6600,חולון,"2,104"
6600,חולון,"3,212"
6600,חולון,"2,773"
6600,חולון,"4,154"
6600,חולון,"4,188"
6600,חולון,"1,295"
6600,חולון,"4,002"
6600,חולון,"4,563"
6600,חולון,"3,064"
6600,חולון,"4,272"
6600,חולון,"4,023"
6600,חולון,"2,473"
6600,חולון,"2,369"
6600,חולון,"4,651"
6600,חולון,"2,616"
6600,חולון,"5,508"
6600,חולון,"4,287"
6600,חולון,"3,894"
6600,חולון,"3,427"
6600,חולון,"4,516"
6600,חולון,"4,146"
1239,חולית,169
253,חולתה,701
662,חוסן,"1,135"
1332,חוסנייה,773
115,חופית,774
374,חוקוק,612
1303,חורה,"22,337"
496,חורפיש,"6,410"
355,חורשים,335
1047,חזון,306
219,חיבת ציון,727
3643,חיננית,"1,410"
4000,חיפה,"285,316"
4000,חיפה,"2,365"
4000,חיפה,"5,753"
4000,חיפה,"4,926"
4000,חיפה,"4,735"
4000,חיפה,"3,174"
4000,חיפה,"3,216"
4000,חיפה,"3,298"
4000,חיפה,"4,779"
4000,חיפה,"4,869"
4000,חיפה,..
4000,חיפה,41
4000,חיפה,767
4000,חיפה,"1,402"
4000,חיפה,55
4000,חיפה,"1,349"
4000,חיפה,"1,311"
4000,חיפה,"2,211"
4000,חיפה,"1,229"
4000,חיפה,"3,685"
4000,חיפה,"3,597"
4000,חיפה,"3,237"
4000,חיפה,"3,785"
4000,חיפה,"3,515"
4000,חיפה,"3,404"
4000,חיפה,"1,409"
4000,חיפה,"1,983"
4000,חיפה,"4,030"
4000,חיפה,"4,706"
4000,חיפה,"3,531"
4000,חיפה,"2,638"
4000,חיפה,"3,842"
4000,חיפה,396
4000,חיפה,"3,795"
4000,חיפה,"5,640"
4000,חיפה,"3,644"
4000,חיפה,"3,119"
4000,חיפה,"2,846"
4000,חיפה,"1,733"
4000,חיפה,"1,847"
4000,חיפה,"1,734"
4000,חיפה,"2,497"
4000,חיפה,"3,709"
4000,חיפה,"3,710"
4000,חיפה,"2,534"
4000,חיפה,"3,783"
4000,חיפה,"4,211"
4000,חיפה,"3,939"
4000,חיפה,"4,247"
4000,חיפה,"3,119"
4000,חיפה,"1,863"
4000,חיפה,"2,965"
4000,חיפה,"3,724"
4000,חיפה,"3,247"
4000,חיפה,"3,685"
4000,חיפה,"4,722"
4000,חיפה,"2,673"
4000,חיפה,"1,544"
4000,חיפה,"1,558"
4000,חיפה,"3,800"
4000,חיפה,"4,635"
4000,חיפה,"2,427"
4000,חיפה,732
4000,חיפה,"1,658"
4000,חיפה,"3,965"
4000,חיפה,"5,177"
4000,חיפה,"5,053"
4000,חיפה,826
4000,חיפה,"4,121"
4000,חיפה,"3,730"
4000,חיפה,"4,980"
4000,חיפה,"2,479"
4000,חיפה,"3,994"
4000,חיפה,"2,545"
4000,חיפה,"3,430"
4000,חיפה,"4,448"
4000,חיפה,"2,679"
4000,חיפה,"4,689"
4000,חיפה,"1,910"
4000,חיפה,"2,195"
4000,חיפה,"2,617"
4000,חיפה,"3,709"
4000,חיפה,"3,726"
4000,חיפה,"2,544"
4000,חיפה,"3,796"
4000,חיפה,"3,060"
4000,חיפה,"4,862"
4000,חיפה,"3,540"
4000,חיפה,"3,365"
4000,חיפה,"2,132"
4000,חיפה,"1,957"
4000,חיפה,"3,669"
4000,חיפה,"4,915"
4000,חיפה,626
162,חירות,"1,298"
1272,חלוץ,536
820,חלץ,455
801,"חמ""ד","1,316"
993,חמאם,"1,503"
343,חמדיה,381
3646,חמדת,296
3609,חמרה,173
807,חניאל,923
280,חניתה,756
1257,חנתון,983
4005,חספין,"2,055"
363,חפץ חיים,558
90,חפצי-בה,732
700,חצב,"1,486"
13,חצבה,620
406,חצור-אשדוד,653
2034,חצור הגלילית,"9,272"
397,חצרים,852
422,חרב לאת,972
1024,חרוצים,846
1247,חריש,"13,232"
3717,חרמש,224
1209,חרשים,333
3770,חשמונאים,"2,771"
6700,טבריה,"44,779"
6700,טבריה,"6,432"
6700,טבריה,"5,120"
6700,טבריה,"3,049"
6700,טבריה,"1,332"
6700,טבריה,823
6700,טבריה,"4,946"
6700,טבריה,"1,726"
6700,טבריה,"2,388"
6700,טבריה,"2,632"
6700,טבריה,"2,983"
6700,טבריה,"3,444"
6700,טבריה,"2,851"
6700,טבריה,"1,653"
6700,טבריה,"2,168"
6700,טבריה,"3,232"
962,טובא-זנגרייה,"6,776"
498,טורעאן,"14,240"
2730,טייבה,"43,957"
497,טייבה (בעמק),"1,865"
2720,טירה,"26,552"
663,טירת יהודה,"1,201"
2100,טירת כרמל,"23,112"
2100,טירת כרמל,"1,686"
2100,טירת כרמל,"4,024"
2100,טירת כרמל,"4,371"
2100,טירת כרמל,"1,878"
2100,טירת כרמל,"4,973"
2100,טירת כרמל,"3,682"
2100,טירת כרמל,"2,498"
268,טירת צבי,901
1181,טל-אל,"1,186"
462,טל שחר,"1,369"
1177,טללים,543
3788,טלמון,"4,575"
8900,טמרה,"34,392"
547,טמרה (יזרעאל),"1,601"
3743,טנא,872
1214,טפחות,478
1295,יאנוח-ג'ת,"6,679"
1232,יבול,338
46,יבנאל,"4,243"
2660,יבנה,"47,585"
2660,יבנה,600
2660,יבנה,"4,234"
2660,יבנה,"2,472"
2660,יבנה,"4,809"
2660,יבנה,"4,240"
2660,יבנה,"5,027"
2660,יבנה,"4,484"
2660,יבנה,"6,681"
2660,יבנה,"15,038"
96,יגור,"1,617"
798,יגל,918
577,יד בנימין,"4,268"
1134,יד השמונה,299
758,יד חנה,968
358,יד מרדכי,737
775,יד נתן,666
64,"יד רמב""ם","1,124"
1144,ידידה,209
9400,יהוד,"29,928"
9400,יהוד,"3,405"
9400,יהוד,"2,574"
9400,יהוד,"8,178"
9400,יהוד,"3,322"
9400,יהוד,"3,439"
9400,יהוד,"5,680"
9400,יהוד,"3,330"
1158,יהל,218
2009,יובל,638
1226,יובלים,"1,093"
1112,יודפת,908
4007,יונתן,745
803,יושיביה,683
452,יזרעאל,553
409,יחיעם,729
866,יטבתה,717
3607,"ייט""ב",358
811,יכיני,734
753,ינוב,936
2011,ינון,"1,197"
29,יסוד המעלה,"1,730"
440,יסודות,924
575,יסעור,867
1138,יעד,690
1044,יעף,300
795,יערה,752
499,יפיע,"19,151"
3566,יפית,202
134,יפעת,"1,208"
453,יפתח,569
3749,יצהר,"1,726"
759,יציץ,822
417,יקום,770
3647,יקיר,"2,288"
241,יקנעם (מושבה),"1,401"
240,יקנעם עילית,"23,796"
240,יקנעם עילית,"2,164"
240,יקנעם עילית,"1,875"
240,יקנעם עילית,"4,707"
240,יקנעם עילית,"6,936"
240,יקנעם עילית,"4,938"
240,יקנעם עילית,"3,176"
623,יראון,404
2026,ירדנה,371
831,ירוחם,"10,294"
3000,ירושלים,"936,425"
3000,ירושלים,"2,963"
3000,ירושלים,"2,879"
3000,ירושלים,"3,916"
3000,ירושלים,"3,921"
3000,ירושלים,"4,640"
3000,ירושלים,"7,022"
3000,ירושלים,"4,974"
3000,ירושלים,"3,241"
3000,ירושלים,"4,833"
3000,ירושלים,"2,283"
3000,ירושלים,"4,123"
3000,ירושלים,"2,555"
3000,ירושלים,"4,439"
3000,ירושלים,"5,507"
3000,ירושלים,"2,685"
3000,ירושלים,"4,440"
3000,ירושלים,"4,108"
3000,ירושלים,"5,350"
3000,ירושלים,"4,767"
3000,ירושלים,"4,479"
3000,ירושלים,"6,226"
3000,ירושלים,"3,708"
3000,ירושלים,"5,614"
3000,ירושלים,"3,130"
3000,ירושלים,"6,325"
3000,ירושלים,"5,667"
3000,ירושלים,"5,475"
3000,ירושלים,"5,023"
3000,ירושלים,"2,583"
3000,ירושלים,"3,757"
3000,ירושלים,"2,082"
3000,ירושלים,"2,742"
3000,ירושלים,"4,083"
3000,ירושלים,"4,434"
3000,ירושלים,"4,402"
3000,ירושלים,"4,400"
3000,ירושלים,"4,135"
3000,ירושלים,"3,113"
3000,ירושלים,"3,342"
3000,ירושלים,"4,876"
3000,ירושלים,"2,709"
3000,ירושלים,"3,961"
3000,ירושלים,"3,514"
3000,ירושלים,"1,261"
3000,ירושלים,"3,619"
3000,ירושלים,"8,612"
3000,ירושלים,"6,880"
3000,ירושלים,"4,139"
3000,ירושלים,"9,446"
3000,ירושלים,"2,887"
3000,ירושלים,"6,194"
3000,ירושלים,"3,823"
3000,ירושלים,"1,502"
3000,ירושלים,"4,416"
3000,ירושלים,"2,470"
3000,ירושלים,"4,120"
3000,ירושלים,"1,851"
3000,ירושלים,840
3000,ירושלים,821
3000,ירושלים,"1,037"
3000,ירושלים,774
3000,ירושלים,"1,203"
3000,ירושלים,894
3000,ירושלים,714
3000,ירושלים,"1,765"
3000,ירושלים,"1,816"
3000,ירושלים,"1,548"
3000,ירושלים,"1,037"
3000,ירושלים,"1,140"
3000,ירושלים,714
3000,ירושלים,913
3000,ירושלים,"1,447"
3000,ירושלים,"3,031"
3000,ירושלים,"2,604"
3000,ירושלים,"3,051"
3000,ירושלים,"5,123"
3000,ירושלים,"2,307"
3000,ירושלים,"8,366"
3000,ירושלים,"6,537"
3000,ירושלים,"3,410"
3000,ירושלים,"3,304"
3000,ירושלים,"6,359"
3000,ירושלים,197
3000,ירושלים,732
3000,ירושלים,"2,968"
3000,ירושלים,"6,194"
3000,ירושלים,"4,651"
3000,ירושלים,"2,191"
3000,ירושלים,"4,713"
3000,ירושלים,"5,313"
3000,ירושלים,"4,637"
3000,ירושלים,"3,332"
3000,ירושלים,"5,534"
3000,ירושלים,"3,874"
3000,ירושלים,"1,185"
3000,ירושלים,"1,733"
3000,ירושלים,448
3000,ירושלים,"7,457"
3000,ירושלים,"4,132"
3000,ירושלים,"5,109"
3000,ירושלים,"5,632"
3000,ירושלים,"2,179"
3000,ירושלים,"2,530"
3000,ירושלים,"4,537"
3000,ירושלים,"2,522"
3000,ירושלים,"1,866"
3000,ירושלים,"2,921"
3000,ירושלים,"4,991"
3000,ירושלים,"1,970"
3000,ירושלים,"4,108"
3000,ירושלים,"3,044"
3000,ירושלים,"4,815"
3000,ירושלים,"1,928"
3000,ירושלים,"1,540"
3000,ירושלים,"4,653"
3000,ירושלים,"1,976"
3000,ירושלים,"4,438"
3000,ירושלים,"4,120"
3000,ירושלים,62
3000,ירושלים,"3,744"
3000,ירושלים,"2,399"
3000,ירושלים,"3,185"
3000,ירושלים,"2,549"
3000,ירושלים,"2,716"
3000,ירושלים,"5,424"
3000,ירושלים,"4,214"
3000,ירושלים,"4,185"
3000,ירושלים,"6,666"
3000,ירושלים,"5,211"
3000,ירושלים,"3,894"
3000,ירושלים,"2,525"
3000,ירושלים,"3,381"
3000,ירושלים,"1,974"
3000,ירושלים,"1,972"
3000,ירושלים,"2,119"
3000,ירושלים,"1,042"
3000,ירושלים,"1,959"
3000,ירושלים,"2,504"
3000,ירושלים,"3,118"
3000,ירושלים,"1,094"
3000,ירושלים,"2,830"
3000,ירושלים,"3,192"
3000,ירושלים,"4,630"
3000,ירושלים,"3,668"
3000,ירושלים,"3,213"
3000,ירושלים,"1,683"
3000,ירושלים,"2,067"
3000,ירושלים,"4,311"
3000,ירושלים,"2,755"
3000,ירושלים,"2,470"
3000,ירושלים,"2,478"
3000,ירושלים,"2,950"
3000,ירושלים,"17,453"
3000,ירושלים,"7,308"
3000,ירושלים,"3,558"
3000,ירושלים,"5,940"
3000,ירושלים,"5,675"
3000,ירושלים,"4,809"
3000,ירושלים,"3,553"
3000,ירושלים,"2,945"
3000,ירושלים,"2,694"
3000,ירושלים,"1,806"
3000,ירושלים,"35,915"
3000,ירושלים,"43,445"
3000,ירושלים,"23,581"
3000,ירושלים,"22,258"
3000,ירושלים,"11,336"
3000,ירושלים,"19,591"
3000,ירושלים,"29,503"
3000,ירושלים,"13,875"
3000,ירושלים,"6,250"
3000,ירושלים,"22,339"
3000,ירושלים,"3,012"
3000,ירושלים,"2,231"
3000,ירושלים,"3,942"
3000,ירושלים,"19,514"
3000,ירושלים,"12,373"
3000,ירושלים,"21,220"
3000,ירושלים,"25,369"
3000,ירושלים,"19,191"
3000,ירושלים,"4,668"
3000,ירושלים,"14,318"
718,ירחיב,"1,082"
502,ירכא,"17,171"
183,ירקונה,360
916,ישע,413
805,ישעי,771
828,ישרש,"1,001"
1227,יתד,508
504,כאבול,"14,095"
505,כאוכב אבו אל-היג'א,"3,589"
576,כברי,"1,054"
371,כדורי,247
1338,כדיתה,181
3564,כוכב השחר,"2,227"
1224,כוכב יאיר,"8,702"
1224,כוכב יאיר,"2,183"
1224,כוכב יאיר,"1,412"
1224,כוכב יאיר,"2,139"
1224,כוכב יאיר,"2,969"
3779,כוכב יעקב,"8,541"
824,כוכב מיכאל,"1,052"
1252,כורזים,349
1210,כחל,442
1367,כחלה,429
840,כיסופים,279
1153,כישור,188
1183,כליל,748
1229,כלנית,238
1331,כמאנה,"1,534"
1291,כמהין,188
1201,כמון,"1,402"
2006,כנות,439
4028,כנף,461
63,כנרת (מושבה),686
57,כנרת (קבוצה),689
1059,כסיפה,"21,866"
859,כסלון,428
1296,כסרא-סמיע,"8,818"
978,כעביה-טבאש-חג'אג'רה,"5,504"
857,כפר אביב,822
3638,כפר אדומים,"4,674"
364,כפר אוריה,947
690,כפר אחים,877
220,כפר ביאליק,855
177,"כפר ביל""ו","1,258"
357,כפר בלום,766
2010,כפר בן נון,749
633,כפר ברא,"3,678"
132,כפר ברוך,602
106,כפר גדעון,346
427,כפר גלים,389
310,כפר גליקסון,338
76,כפר גלעדי,673
707,כפר דניאל,708
3796,כפר האורנים,"2,657"
192,כפר החורש,699
254,כפר המכבי,386
582,כפר הנגיד,"1,260"
890,כפר הנוער הדתי,222
443,כפר הנשיא,876
187,כפר הס,"1,593"
217,"כפר הרא""ה","1,460"
888,"כפר הרי""ף",836
190,כפר ויתקין,"1,973"
320,כפר ורבורג,"1,143"
1263,כפר ורדים,"5,486"
1325,כפר זוהרים,160
786,כפר זיתים,768
696,"כפר חב""ד","6,598"
609,כפר חושן,775
255,כפר חיטים,619
193,כפר חיים,648
1297,כפר חנניה,750
112,כפר חסידים א',842
889,כפר חסידים ב',302
4004,כפר חרוב,434
673,כפר טרומן,893
507,כפר יאסיף,"10,133"
233,כפר ידידיה,730
140,כפר יהושע,"1,224"
168,כפר יונה,"24,778"
168,כפר יונה,"9,137"
168,כפר יונה,"6,750"
168,כפר יונה,"8,891"
85,כפר יחזקאל,"1,213"
170,כפר יעבץ,659
508,כפר כמא,"3,373"
509,כפר כנא,"22,751"
387,כפר מונש,943
1095,כפר מימון,375
98,"כפר מל""ל",325
510,כפר מנדא,"20,188"
274,כפר מנחם,"1,366"
297,כפר מסריק,868
512,כפר מצר,"2,750"
764,כפר מרדכי,644
316,כפר נטר,"1,193"
345,כפר סאלד,674
6900,כפר סבא,"101,432"
6900,כפר סבא,"3,323"
6900,כפר סבא,"4,862"
6900,כפר סבא,"5,336"
6900,כפר סבא,"4,414"
6900,כפר סבא,"1,671"
6900,כפר סבא,"11,298"
6900,כפר סבא,"12,887"
6900,כפר סבא,"2,718"
6900,כפר סבא,"2,566"
6900,כפר סבא,"2,578"
6900,כפר סבא,"3,639"
6900,כפר סבא,"2,097"
6900,כפר סבא,"3,469"
6900,כפר סבא,"3,199"
6900,כפר סבא,"3,527"
6900,כפר סבא,"2,355"
6900,כפר סבא,"2,716"
6900,כפר סבא,"4,928"
6900,כפר סבא,"2,739"
6900,כפר סבא,"4,560"
6900,כפר סבא,"3,145"
6900,כפר סבא,"3,246"
6900,כפר סבא,"3,454"
6900,כפר סבא,"3,245"
6900,כפר סבא,"3,459"
107,כפר סילבר,290
249,כפר סירקין,"1,502"
875,כפר עבודה,229
845,כפר עזה,720
3488,כפר עציון,"1,156"
189,כפר פינס,"1,034"
634,כפר קאסם,"23,823"
388,כפר קיש,619
654,כפר קרע,"19,018"
579,כפר ראש הנקרה,"1,363"
1130,כפר רוזנואלד (זרעית),243
295,כפר רופין,531
1166,כפר רות,264
605,כפר שמאי,559
743,כפר שמואל,956
267,כפר שמריהו,"1,938"
47,כפר תבור,"4,311"
3572,כפר תפוח,"1,312"
1285,כרכום,528
664,כרם בן זמרה,526
88,כרם בן שמן,85
1094,כרם יבנה (ישיבה),534
580,"כרם מהר""ל",777
1085,כרם שלום,183
1264,כרמי יוסף,"1,743"
3766,כרמי צור,"1,001"
1374,כרמי קטיף,508
1139,כרמיאל,"46,252"
1139,כרמיאל,"4,104"
1139,כרמיאל,"3,778"
1139,כרמיאל,"3,607"
1139,כרמיאל,"2,575"
1139,כרמיאל,"2,640"
1139,כרמיאל,"4,154"
1139,כרמיאל,"4,517"
1139,כרמיאל,"2,043"
1139,כרמיאל,"4,512"
1139,כרמיאל,"4,966"
1139,כרמיאל,"5,666"
1139,כרמיאל,"3,690"
768,כרמייה,650
1198,כרמים,489
3656,כרמל,437
1207,לבון,717
585,לביא,627
1230,לבנים,427
2023,להב,567
380,להבות הבשן,915
715,להבות חביבה,"1,021"
1271,להבים,"6,415"
7000,לוד,"77,223"
7000,לוד,"6,389"
7000,לוד,"7,347"
7000,לוד,"4,068"
7000,לוד,"4,287"
7000,לוד,"4,175"
7000,לוד,"3,559"
7000,לוד,"5,977"
7000,לוד,"3,160"
7000,לוד,"3,034"
7000,לוד,"2,320"
7000,לוד,"4,910"
7000,לוד,"2,864"
7000,לוד,"6,861"
7000,לוד,"1,757"
7000,לוד,"4,816"
7000,לוד,"3,385"
7000,לוד,"2,779"
7000,לוד,"3,260"
7000,לוד,"2,276"
52,לוזית,816
595,לוחמי הגיטאות,705
1171,לוטם,782
1255,לוטן,177
674,לימן,692
24,לכיש,769
1310,לפיד,"2,394"
1173,לפידות,128
1060,לקיה,"14,075"
2055,מאור,"1,398"
102,מאיר שפיה,297
771,מבוא ביתר,965
3569,מבוא דותן,448
3709,מבוא חורון,"2,669"
4204,מבוא חמה,459
1141,מבוא מודיעים,255
1318,מבואות ים,436
1080,מבועים,"1,235"
829,מבטחים,439
573,מבקיעים,484
1015,מבשרת ציון,"24,052"
1015,מבשרת ציון,"3,257"
1015,מבשרת ציון,"5,870"
1015,מבשרת ציון,"4,312"
1015,מבשרת ציון,"2,172"
1015,מבשרת ציון,"4,755"
1015,מבשרת ציון,"3,686"
516,מג'ד אל-כרום,"15,455"
4201,מג'דל שמס,"11,180"
481,מגאר,"22,957"
689,מגדים,"1,329"
65,מגדל,"1,952"
874,מגדל העמק,"25,675"
874,מגדל העמק,"3,884"
874,מגדל העמק,"3,263"
874,מגדל העמק,"3,965"
874,מגדל העמק,"3,105"
874,מגדל העמק,"5,335"
874,מגדל העמק,"2,767"
874,מגדל העמק,"3,355"
3561,מגדל עוז,575
3751,מגדלים,447
586,מגידו,847
375,מגל,"1,139"
695,מגן,532
1155,מגן שאול,676
722,מגשימים,"1,089"
2029,מדרך עוז,794
1140,מדרשת בן גוריון,"1,972"
897,מדרשת רופין,307
1200,מודיעין-מכבים-רעות*,"93,277"
1200,מודיעין-מכבים-רעות*,"3,094"
1200,מודיעין-מכבים-רעות*,"4,595"
1200,מודיעין-מכבים-רעות*,"4,858"
1200,מודיעין-מכבים-רעות*,140
1200,מודיעין-מכבים-רעות*,"6,194"
1200,מודיעין-מכבים-רעות*,"3,497"
1200,מודיעין-מכבים-רעות*,"4,098"
1200,מודיעין-מכבים-רעות*,"12,328"
1200,מודיעין-מכבים-רעות*,"6,856"
1200,מודיעין-מכבים-רעות*,"10,045"
1200,מודיעין-מכבים-רעות*,"11,491"
1200,מודיעין-מכבים-רעות*,"2,923"
1200,מודיעין-מכבים-רעות*,"5,930"
1200,מודיעין-מכבים-רעות*,"9,187"
1200,מודיעין-מכבים-רעות*,"2,941"
1200,מודיעין-מכבים-רעות*,"2,812"
1200,מודיעין-מכבים-רעות*,"2,288"
3797,מודיעין עילית,"76,374"
3797,מודיעין עילית,"19,430"
3797,מודיעין עילית,"4,648"
3797,מודיעין עילית,"21,799"
3797,מודיעין עילית,"4,648"
3797,מודיעין עילית,"4,159"
3797,מודיעין עילית,"12,569"
3797,מודיעין עילית,"9,121"
269,מולדת,"1,068"
208,מוצא עילית,"1,212"
635,מוקייבלה,"4,081"
1163,מורן,452
1178,מורשת,"1,489"
606,מזור,"1,331"
28,מזכרת בתיה,"14,837"
104,מזרע,757
517,מזרעה,"3,929"
3599,מחולה,609
1196,מחנה יתיר,267
308,מחניים,818
776,מחסיה,477
43,מטולה,"1,615"
822,מטע,896
1128,מי עמי,366
2054,מיטב,471
649,מייסר,"2,017"
4019,מיצר,299
1282,מירב,723
607,מירון,985
731,מישר,795
1268,מיתר,"9,418"
3614,מכורה,166
1343,מכחול,839
382,מכמורת,"1,403"
1202,מכמנים,557
164,מלאה,383
2044,מלילות,360
596,מלכייה,462
1154,מלכישוע,214
2030,מנוחה,618
1174,מנוף,862
1205,מנות,459
48,מנחמיה,"1,033"
347,מנרה,248
994,מנשית זבדה,"1,389"
1258,מסד,347
263,מסדה,360
298,מסילות,433
742,מסילת ציון,"1,215"
748,מסלול,859
4203,מסעדה,"3,714"
197,מעברות,986
1082,מעגלים,"2,061"
678,מעגן,380
694,מעגן מיכאל,"2,039"
272,מעוז חיים,469
3657,מעון,595
570,מעונה,963
416,מעיין ברוך,767
290,מעיין צבי,749
518,מעיליא,"3,244"
3616,מעלה אדומים,"38,155"
3616,מעלה אדומים,"4,272"
3616,מעלה אדומים,"7,502"
3616,מעלה אדומים,"3,565"
3616,מעלה אדומים,"3,955"
3616,מעלה אדומים,"2,244"
3616,מעלה אדומים,"3,812"
3616,מעלה אדומים,"4,595"
3616,מעלה אדומים,"4,620"
3616,מעלה אדומים,"3,591"
3608,מעלה אפרים,"1,260"
1127,מעלה גלבוע,840
4008,מעלה גמלא,557
286,מעלה החמישה,793
3752,מעלה לבונה,906
3651,מעלה מכמש,"1,529"
1327,מעלה עירון,"15,065"
3653,מעלה עמוס,663
3637,מעלה שומרון,996
1063,מעלות-תרשיחא,"21,836"
1063,מעלות-תרשיחא,"4,220"
1063,מעלות-תרשיחא,"4,080"
1063,מעלות-תרשיחא,"4,788"
1063,מעלות-תרשיחא,"4,956"
1063,מעלות-תרשיחא,"3,792"
344,מענית,812
230,מעש,864
668,מפלסים,"1,024"
3745,מצדות יהודה,550
325,מצובה,"1,165"
757,מצליח,"1,363"
58,מצפה,141
1222,"מצפה אבי""ב","1,070"
1370,מצפה אילן,626
3576,מצפה יריחו,"2,560"
1190,מצפה נטופה,"1,029"
99,מצפה רמון,"5,211"
3610,מצפה שלם,207
648,מצר,383
22,מקווה ישראל,389
843,מרגליות,412
4101,מרום גולן,743
1340,מרחב עם,501
97,מרחביה (מושב),662
66,מרחביה (קיבוץ),"1,247"
1098,מרכז שפירא,"2,230"
421,משאבי שדה,481
765,משגב דב,722
378,משגב עם,339
520,משהד,"8,373"
3605,משואה,184
620,משואות יצחק,697
3785,משכיות,310
670,משמר איילון,556
563,משמר דוד,949
732,משמר הירדן,810
395,משמר הנגב,"1,005"
130,משמר העמק,"1,271"
729,משמר השבעה,"1,047"
194,משמר השרון,617
213,משמרות,"1,024"
425,משמרת,"1,059"
791,משען,"1,064"
1315,מתן,"3,617"
1184,מתת,191
3648,מתתיהו,891
4551,נאות גולן,632
1124,נאות הכיכר,447
408,נאות מרדכי,620
1197,נאות סמדר,227
524,נאעורה,"2,324"
396,נבטים,996
315,נגבה,969
3724,נגוהות,352
309,נהורה,"1,181"
80,נהלל,930
9100,נהרייה,"58,096"
9100,נהרייה,4
9100,נהרייה,"5,684"
9100,נהרייה,"2,823"
9100,נהרייה,"4,656"
9100,נהרייה,"1,732"
9100,נהרייה,"6,896"
9100,נהרייה,"4,078"
9100,נהרייה,"4,295"
9100,נהרייה,"4,513"
9100,נהרייה,"3,947"
9100,נהרייה,"3,228"
9100,נהרייה,"5,745"
9100,נהרייה,"7,076"
9100,נהרייה,"3,420"
4304,נוב,965
55,נוגה,583
1366,נווה,"1,267"
926,נווה אבות,253
590,נווה אור,349
4303,"נווה אטי""ב",110
405,נווה אילן,997
296,נווה איתן,311
3725,נווה דניאל,"2,322"
1057,נווה זוהר,56
1314,נווה זיו,950
1279,נווה חריף,114
312,נווה ים,232
686,נווה ימין,"1,155"
858,נווה ירק,"1,348"
827,נווה מבטח,677
1071,נווה מיכאל,849
3573,נווה צוף,"1,485"
1259,נווה שלום,323
15,נועם,355
1333,נוף איילון,"2,128"
1061,נוף הגליל,"41,734"
1061,נוף הגליל,"6,760"
1061,נוף הגליל,"3,648"
1061,נוף הגליל,"3,479"
1061,נוף הגליל,"3,301"
1061,נוף הגליל,"2,109"
1061,נוף הגליל,"2,853"
1061,נוף הגליל,"2,708"
1061,נוף הגליל,"2,100"
1061,נוף הגליל,"2,602"
1061,נוף הגליל,"2,894"
1061,נוף הגליל,"3,122"
1061,נוף הגליל,"1,545"
1061,נוף הגליל,"4,612"
3790,נופים,864
1284,נופית,"2,689"
257,נופך,588
3726,נוקדים,"2,383"
447,נורדייה,"1,950"
833,נורית,193
59,נחושה,"1,484"
844,נחל עוז,423
2045,נחלה,717
3767,נחליאל,725
449,נחלים,"1,788"
809,נחם,570
522,נחף,"13,113"
433,נחשולים,687
777,נחשון,589
705,נחשונים,405
1147,נטועה,306
4014,נטור,713
1369,נטע,613
174,נטעים,637
1254,נטף,449
523,ניין,"1,876"
3655,"ניל""י","1,786"
351,ניצן,"2,461"
1419,ניצן ב',498
1195,ניצנה (קהילת חינוך),319
1280,ניצני סיני,286
851,ניצני עוז,"1,115"
359,ניצנים,421
808,ניר אליהו,555
553,ניר בנים,726
720,ניר גלים,"1,396"
256,ניר דוד (תל עמל),729
11,"ניר ח""ן",548
165,ניר יפה,724
402,ניר יצחק,630
699,ניר ישראל,877
2047,ניר משה,592
69,ניר עוז,387
348,ניר עם,611
769,ניר עציון,985
2048,ניר עקיבא,686
331,ניר צבי,"1,286"
602,נירים,360
1236,נירית,926
825,נס הרים,"1,414"
1143,נס עמים,420
7200,נס ציונה,"50,351"
7200,נס ציונה,"4,044"
7200,נס ציונה,"6,479"
7200,נס ציונה,"3,326"
7200,נס ציונה,"4,493"
7200,נס ציונה,"3,802"
7200,נס ציונה,"8,805"
7200,נס ציונה,"6,094"
7200,נס ציונה,"6,877"
7200,נס ציונה,"6,430"
186,נעורים,422
3787,נעלה,"2,148"
3713,"נעמ""ה",165
158,נען,"1,717"
3620,נערן,101
1372,נצר חזני,498
435,נצר סרני,882
7300,נצרת,"77,445"
7300,נצרת,"2,245"
7300,נצרת,"6,385"
7300,נצרת,"5,633"
7300,נצרת,"1,267"
7300,נצרת,"6,010"
7300,נצרת,"2,162"
7300,נצרת,"3,631"
7300,נצרת,"3,163"
7300,נצרת,"3,530"
7300,נצרת,"8,476"
7300,נצרת,"3,746"
7300,נצרת,"5,547"
7300,נצרת,"8,348"
7300,נצרת,"4,960"
7300,נצרת,"4,858"
7300,נצרת,"3,084"
7300,נצרת,"2,101"
7300,נצרת,"2,298"
2500,נשר,"24,148"
2500,נשר,171
2500,נשר,"3,477"
2500,נשר,"2,610"
2500,נשר,"3,804"
2500,נשר,"3,603"
2500,נשר,"3,359"
2500,נשר,"7,123"
3555,נתיב הגדוד,212
693,"נתיב הל""ה",654
1242,נתיב העשרה,891
792,נתיב השיירה,477
246,נתיבות,"37,542"
246,נתיבות,"2,032"
246,נתיבות,"5,934"
246,נתיבות,"3,445"
246,נתיבות,"5,235"
246,נתיבות,"8,445"
246,נתיבות,"9,321"
246,נתיבות,"3,130"
7400,נתניה,"221,353"
7400,נתניה,829
7400,נתניה,"3,011"
7400,נתניה,"4,812"
7400,נתניה,"9,304"
7400,נתניה,"23,382"
7400,נתניה,753
7400,נתניה,111
7400,נתניה,"3,953"
7400,נתניה,"3,421"
7400,נתניה,"3,678"
7400,נתניה,"4,786"
7400,נתניה,"2,349"
7400,נתניה,"3,953"
7400,נתניה,"5,004"
7400,נתניה,"3,528"
7400,נתניה,"3,123"
7400,נתניה,"4,757"
7400,נתניה,"3,187"
7400,נתניה,"3,644"
7400,נתניה,"2,823"
7400,נתניה,"2,146"
7400,נתניה,"2,730"
7400,נתניה,"3,477"
7400,נתניה,"6,981"
7400,נתניה,"3,516"
7400,נתניה,"2,018"
7400,נתניה,"2,494"
7400,נתניה,"2,321"
7400,נתניה,"3,464"
7400,נתניה,"3,032"
7400,נתניה,"4,381"
7400,נתניה,"2,802"
7400,נתניה,"2,733"
7400,נתניה,"5,931"
7400,נתניה,"10,566"
7400,נתניה,974
7400,נתניה,"2,609"
7400,נתניה,"2,047"
7400,נתניה,"1,733"
7400,נתניה,"1,843"
7400,נתניה,"4,119"
7400,נתניה,"4,803"
7400,נתניה,"3,731"
7400,נתניה,"4,977"
7400,נתניה,"5,027"
7400,נתניה,"1,842"
7400,נתניה,"3,536"
7400,נתניה,"1,649"
7400,נתניה,"3,071"
7400,נתניה,"4,371"
7400,נתניה,"3,207"
7400,נתניה,"4,029"
7400,נתניה,"7,827"
7400,נתניה,"4,002"
7400,נתניה,"4,179"
7400,נתניה,"2,776"
525,סאג'ור,"4,270"
578,סאסא,416
587,סביון*,"4,036"
2046,סגולה,717
942,סואעד (חמרייה)*,182
526,סולם,"2,609"
3756,סוסיה,"1,339"
1238,סופה,211
7500,סח'נין,"31,702"
1245,סלמה,"3,340"
3567,סלעית,"1,331"
1156,סמר,279
3777,סנסנה,519
419,סעד,854
1360,סעוה,"1,867"
454,סער,858
1176,ספיר,447
610,סתרייה,"1,102"
4501,ע'ג'ר,"2,659"
892,עבדון,668
376,עברון,847
794,עגור,528
1199,עדי,"1,910"
2035,עדנים,515
826,עוזה,429
528,עוזייר,"3,276"
737,עולש,"1,131"
666,עומר,"7,530"
810,עופר,651
32,עוצם,653
328,עזוז,75
1149,עזר,817
837,עזריאל,904
711,עזריה,"1,227"
817,עזריקם,"1,495"
3658,עטרת,900
1175,עידן,392
530,עיילבון,"5,752"
156,עיינות,394
511,עילוט,"8,356"
687,עין איילה,"1,150"
546,עין אל-אסד,886
273,עין גב,676
2042,עין גדי,610
436,עין דור,"1,031"
1240,עין הבשור,"1,146"
74,עין הוד,643
167,עין החורש,836
289,עין המפרץ,"1,249"
383,"עין הנצי""ב",604
367,עין העמק,803
270,עין השופט,861
676,עין השלושה,361
157,עין ורד,"1,504"
4503,עין זיוון,370
1320,עין חוד,305
89,עין חרוד (איחוד),546
82,עין חרוד (מאוחד),760
806,עין יהב,742
813,עין יעקב,"1,137"
1056,"עין כרם-בי""ס חקלאי",173
426,עין כרמל,922
532,עין מאהל,"13,335"
521,עין נקובא,"3,505"
223,עין עירון,546
622,עין צורים,863
4502,עין קנייא,"2,098"
514,עין ראפה,"1,250"
139,עין שמר,571
880,עין שריד,"1,630"
1251,עין תמר,195
871,עינת,829
7600,עכו,"49,380"
7600,עכו,"2,192"
7600,עכו,"4,228"
7600,עכו,"5,427"
7600,עכו,"3,154"
7600,עכו,"3,479"
7600,עכו,"2,906"
7600,עכו,"2,674"
7600,עכו,"3,316"
7600,עכו,"2,901"
7600,עכו,"1,512"
7600,עכו,"2,450"
7600,עכו,"2,836"
7600,עכו,"6,136"
7600,עכו,"3,365"
7600,עכו,"1,120"
7600,עכו,"1,685"
1146,עלומים,510
3765,עלי,"4,415"
3727,עלי זהב,"3,399"
688,עלמה,712
3715,עלמון,"1,420"
1212,עמוקה,132
3824,עמיחי,209
779,עמינדב,"1,086"
385,עמיעד,439
318,עמיעוז,209
773,עמיקם,739
319,עמיר,584
3660,עמנואל,"3,906"
708,עמקה,772
3712,ענב,891
534,עספיא,"12,503"
7700,עפולה,"54,250"
7700,עפולה,"3,497"
7700,עפולה,"2,008"
7700,עפולה,"3,496"
7700,עפולה,156
7700,עפולה,"4,538"
7700,עפולה,"3,872"
7700,עפולה,"6,814"
7700,עפולה,"9,102"
7700,עפולה,"5,825"
7700,עפולה,"4,700"
7700,עפולה,"5,355"
7700,עפולה,"4,886"
3617,עפרה,"3,043"
3778,עץ אפרים,"2,428"
917,עצמון שגב,"1,121"
531,עראבה,"25,833"
1246,עראמשה*,"1,682"
1335,ערב אל נעים,815
2560,ערד,"26,756"
2560,ערד,"4,917"
2560,ערד,"4,324"
2560,ערד,"6,494"
2560,ערד,"5,455"
2560,ערד,"5,566"
593,ערוגות,"1,147"
637,ערערה,"25,245"
1192,ערערה-בנגב,"18,332"
591,עשרת,"1,012"
53,עתלית,"8,875"
3748,עתניאל,"1,044"
1151,פארן,501
3768,פדואל,"2,010"
750,פדויים,520
838,פדיה,841
537,פוריידיס,"13,247"
1104,פורייה - כפר עבודה,355
1105,פורייה - נווה עובד,"1,234"
1313,פורייה עילית,"1,162"
767,פורת,"1,275"
749,פטיש,947
1185,פלך,142
597,פלמחים,689
3723,פני חבר,635
3659,פסגות,"1,881"
535,פסוטה,"3,172"
2059,"פעמי תש""ז",562
3615,פצאל,304
536,פקיעין (בוקייעה),"5,893"
281,פקיעין חדשה,535
7800,פרדס חנה-כרכור,"43,011"
7800,פרדס חנה-כרכור,"4,875"
7800,פרדס חנה-כרכור,"4,142"
7800,פרדס חנה-כרכור,"5,523"
7800,פרדס חנה-כרכור,"1,533"
7800,פרדס חנה-כרכור,"3,514"
7800,פרדס חנה-כרכור,"3,300"
7800,פרדס חנה-כרכור,"3,606"
7800,פרדס חנה-כרכור,"5,034"
7800,פרדס חנה-כרכור,"6,074"
7800,פרדס חנה-כרכור,"5,410"
171,פרדסייה,"5,930"
599,פרוד,595
2053,פרזון,322
1231,פרי גן,246
7900,פתח תקווה,"247,956"
7900,פתח תקווה,"1,914"
7900,פתח תקווה,"4,508"
7900,פתח תקווה,"6,283"
7900,פתח תקווה,"3,730"
7900,פתח תקווה,"14,893"
7900,פתח תקווה,"19,542"
7900,פתח תקווה,"5,006"
7900,פתח תקווה,"3,608"
7900,פתח תקווה,46
7900,פתח תקווה,"2,350"
7900,פתח תקווה,881
7900,פתח תקווה,"5,302"
7900,פתח תקווה,799
7900,פתח תקווה,"2,185"
7900,פתח תקווה,"1,902"
7900,פתח תקווה,"1,624"
7900,פתח תקווה,"1,444"
7900,פתח תקווה,"2,806"
7900,פתח תקווה,"2,138"
7900,פתח תקווה,"3,254"
7900,פתח תקווה,"1,381"
7900,פתח תקווה,"12,973"
7900,פתח תקווה,"7,716"
7900,פתח תקווה,"1,334"
7900,פתח תקווה,"3,099"
7900,פתח תקווה,"3,352"
7900,פתח תקווה,"3,689"
7900,פתח תקווה,"3,114"
7900,פתח תקווה,"6,506"
7900,פתח תקווה,"3,268"
7900,פתח תקווה,"3,088"
7900,פתח תקווה,"3,264"
7900,פתח תקווה,"2,710"
7900,פתח תקווה,"3,775"
7900,פתח תקווה,"4,820"
7900,פתח תקווה,"4,830"
7900,פתח תקווה,"3,637"
7900,פתח תקווה,"4,491"
7900,פתח תקווה,"2,441"
7900,פתח תקווה,"2,894"
7900,פתח תקווה,"3,115"
7900,פתח תקווה,"1,646"
7900,פתח תקווה,"2,505"
7900,פתח תקווה,"1,984"
7900,פתח תקווה,"3,663"
7900,פתח תקווה,"2,510"
7900,פתח תקווה,"3,259"
7900,פתח תקווה,"2,846"
7900,פתח תקווה,"5,584"
7900,פתח תקווה,"4,277"
7900,פתח תקווה,"2,538"
7900,פתח תקווה,"2,818"
7900,פתח תקווה,"4,082"
7900,פתח תקווה,"1,460"
7900,פתח תקווה,"1,967"
7900,פתח תקווה,"3,407"
7900,פתח תקווה,"3,512"
7900,פתח תקווה,768
7900,פתח תקווה,"1,753"
7900,פתח תקווה,"1,269"
7900,פתח תקווה,"5,474"
7900,פתח תקווה,"6,759"
7900,פתח תקווה,"9,003"
7900,פתח תקווה,"5,159"
839,פתחיה,841
413,צאלים,471
1180,צביה,331
1213,צבעון,274
465,צובה,625
1136,צוחר,444
3791,צופים,"2,406"
198,צופית,"1,287"
1150,צופר,451
1102,צוקי ים,268
1262,צוקים,344
1113,צור הדסה,"11,120"
1345,צור יצחק,"6,361"
276,צור משה,"3,291"
1148,צור נתן,313
774,צוריאל,360
1221,צורית,901
613,ציפורי,972
796,צלפון,"1,044"
636,צנדלה,"1,644"
594,צפרייה,971
1079,צפרירים,402
8000,צפת,"36,094"
8000,צפת,"4,054"
8000,צפת,"5,438"
8000,צפת,581
8000,צפת,"4,152"
8000,צפת,"4,090"
8000,צפת,"6,133"
8000,צפת,"4,817"
8000,צפת,"4,651"
8000,צפת,"1,695"
8000,צפת,483
612,צרופה,"1,097"
567,צרעה,930
334,קבוצת יבנה,964
3557,קדומים,"4,544"
195,קדימה-צורן,"22,683"
195,קדימה-צורן,"6,027"
195,קדימה-צורן,"3,637"
195,קדימה-צורן,"4,043"
195,קדימה-צורן,"5,965"
195,קדימה-צורן,"3,011"
4025,קדמת צבי,499
3781,קדר,"1,599"
615,קדרון,"1,607"
1211,קדרים,270
766,קוממיות,559
1179,קורנית,927
1052,קטורה,471
1167,קיסריה,"5,343"
414,קלחים,643
3601,קליה,438
638,קלנסווה,"23,143"
4024,קלע,319
1243,קציר,"2,884"
1347,קצר א-סר,"2,460"
4100,קצרין,"7,297"
2620,קריית אונו,"40,409"
2620,קריית אונו,"5,768"
2620,קריית אונו,"4,414"
2620,קריית אונו,"8,858"
2620,קריית אונו,"4,570"
2620,קריית אונו,"4,061"
2620,קריית אונו,"4,469"
2620,קריית אונו,"1,189"
2620,קריית אונו,"7,079"
3611,קריית ארבע,"7,326"
6800,קריית אתא,"59,030"
6800,קריית אתא,"6,512"
6800,קריית אתא,"4,998"
6800,קריית אתא,"4,102"
6800,קריית אתא,"3,983"
6800,קריית אתא,"6,464"
6800,קריית אתא,"5,485"
6800,קריית אתא,"5,083"
6800,קריית אתא,"5,953"
6800,קריית אתא,"8,503"
6800,קריית אתא,"4,491"
6800,קריית אתא,"3,457"
9500,קריית ביאליק,"40,231"
9500,קריית ביאליק,"5,180"
9500,קריית ביאליק,"3,650"
9500,קריית ביאליק,"2,558"
9500,קריית ביאליק,"4,774"
9500,קריית ביאליק,"2,048"
9500,קריית ביאליק,"3,359"
9500,קריית ביאליק,"4,075"
9500,קריית ביאליק,"4,632"
9500,קריית ביאליק,"4,155"
9500,קריית ביאליק,"5,800"
2630,קריית גת,"57,105"
2630,קריית גת,103
2630,קריית גת,"3,735"
2630,קריית גת,518
2630,קריית גת,"3,803"
2630,קריית גת,"3,586"
2630,קריית גת,"3,140"
2630,קריית גת,"3,217"
2630,קריית גת,"2,322"
2630,קריית גת,"5,195"
2630,קריית גת,"2,858"
2630,קריית גת,"6,553"
2630,קריית גת,"1,105"
2630,קריית גת,"5,874"
2630,קריית גת,"3,095"
2630,קריית גת,"3,820"
2630,קריית גת,"2,270"
2630,קריית גת,"3,456"
2630,קריית גת,"2,455"
2300,קריית טבעון,"18,130"
2300,קריית טבעון,"5,976"
2300,קריית טבעון,"3,826"
2300,קריית טבעון,"4,945"
2300,קריית טבעון,"3,382"
9600,קריית ים,"39,897"
9600,קריית ים,"4,803"
9600,קריית ים,"4,016"
9600,קריית ים,"3,226"
9600,קריית ים,"4,161"
9600,קריית ים,"1,353"
9600,קריית ים,"2,097"
9600,קריית ים,"1,867"
9600,קריית ים,"1,717"
9600,קריית ים,"2,306"
9600,קריית ים,"3,330"
9600,קריית ים,"3,258"
9600,קריית ים,"2,803"
9600,קריית ים,"4,962"
1137,קריית יערים,"6,128"
2039,קריית יערים (מוסד),181
8200,קריית מוצקין,"43,303"
8200,קריית מוצקין,"7,356"
8200,קריית מוצקין,"5,355"
8200,קריית מוצקין,"3,649"
8200,קריית מוצקין,"3,327"
8200,קריית מוצקין,"4,438"
8200,קריית מוצקין,"5,237"
8200,קריית מוצקין,"2,137"
8200,קריית מוצקין,"2,008"
8200,קריית מוצקין,"2,236"
8200,קריית מוצקין,"3,404"
8200,קריית מוצקין,"4,156"
1034,קריית מלאכי,"23,819"
1034,קריית מלאכי,639
1034,קריית מלאכי,"4,677"
1034,קריית מלאכי,"2,702"
1034,קריית מלאכי,"2,337"
1034,קריית מלאכי,"4,084"
1034,קריית מלאכי,"5,007"
1034,קריית מלאכי,"2,372"
1034,קריית מלאכי,"2,002"
3746,קריית נטפים,958
78,קריית ענבים,467
469,קריית עקרון,"11,001"
469,קריית עקרון,"4,671"
469,קריית עקרון,"3,486"
469,קריית עקרון,"2,843"
412,קריית שלמה,132
2800,קריית שמונה,"22,512"
2800,קריית שמונה,"4,278"
2800,קריית שמונה,"3,264"
2800,קריית שמונה,"4,119"
2800,קריית שמונה,"2,341"
2800,קריית שמונה,"2,678"
2800,קריית שמונה,424
2800,קריית שמונה,"3,446"
2800,קריית שמונה,"1,961"
3640,קרני שומרון,"8,135"
4006,קשת,799
543,ראמה,"7,728"
1334,ראס אל-עין,393
990,ראס עלי,643
2640,ראש העין,"61,801"
2640,ראש העין,"8,309"
2640,ראש העין,"4,365"
2640,ראש העין,"5,104"
2640,ראש העין,"4,281"
2640,ראש העין,"3,532"
2640,ראש העין,"4,567"
2640,ראש העין,"16,788"
2640,ראש העין,"2,769"
2640,ראש העין,"3,222"
2640,ראש העין,"1,870"
2640,ראש העין,"6,993"
26,ראש פינה,"3,148"
3602,ראש צורים,933
8300,ראשון לציון,"254,384"
8300,ראשון לציון,318
8300,ראשון לציון,"3,174"
8300,ראשון לציון,"4,734"
8300,ראשון לציון,"4,634"
8300,ראשון לציון,"4,210"
8300,ראשון לציון,"4,210"
8300,ראשון לציון,"4,111"
8300,ראשון לציון,"3,418"
8300,ראשון לציון,"2,905"
8300,ראשון לציון,"2,405"
8300,ראשון לציון,"6,202"
8300,ראשון לציון,"8,913"
8300,ראשון לציון,"4,434"
8300,ראשון לציון,"7,055"
8300,ראשון לציון,"5,200"
8300,ראשון לציון,"5,140"
8300,ראשון לציון,"4,863"
8300,ראשון לציון,"5,180"
8300,ראשון לציון,"2,866"
8300,ראשון לציון,"5,952"
8300,ראשון לציון,"2,587"
8300,ראשון לציון,"3,319"
8300,ראשון לציון,"10,664"
8300,ראשון לציון,"3,720"
8300,ראשון לציון,"5,055"
8300,ראשון לציון,"4,277"
8300,ראשון לציון,"3,416"
8300,ראשון לציון,"1,679"
8300,ראשון לציון,"5,490"
8300,ראשון לציון,"4,534"
8300,ראשון לציון,"4,178"
8300,ראשון לציון,"3,793"
8300,ראשון לציון,"3,949"
8300,ראשון לציון,"3,551"
8300,ראשון לציון,"3,184"
8300,ראשון לציון,"4,582"
8300,ראשון לציון,"5,124"
8300,ראשון לציון,"3,735"
8300,ראשון לציון,"2,873"
8300,ראשון לציון,"3,797"
8300,ראשון לציון,"2,149"
8300,ראשון לציון,"6,023"
8300,ראשון לציון,"4,724"
8300,ראשון לציון,"4,782"
8300,ראשון לציון,"4,356"
8300,ראשון לציון,"3,145"
8300,ראשון לציון,"5,005"
8300,ראשון לציון,"2,142"
8300,ראשון לציון,"4,631"
8300,ראשון לציון,"6,231"
8300,ראשון לציון,"2,855"
8300,ראשון לציון,"3,030"
8300,ראשון לציון,"5,768"
8300,ראשון לציון,"5,245"
8300,ראשון לציון,"3,873"
8300,ראשון לציון,"5,651"
8300,ראשון לציון,"3,103"
8300,ראשון לציון,"6,573"
8300,ראשון לציון,"1,668"
3795,רבבה,"2,632"
564,רבדים,813
354,רביבים,"1,075"
1225,רביד,114
390,רגבה,"1,096"
444,רגבים,480
1161,רהט,"71,437"
1161,רהט,"6,331"
1161,רהט,"6,308"
1161,רהט,"9,669"
1161,רהט,"8,383"
1161,רהט,"3,967"
1161,רהט,"4,561"
1161,רהט,"7,875"
1161,רהט,"4,741"
1161,רהט,"6,166"
1161,רהט,"5,420"
1161,רהט,"8,016"
2051,רווחה,551
2016,רוויה,444
1341,רוח מדבר,53
362,רוחמה,689
539,רומאנה,"1,212"
997,רומת הייב,"2,047"
3619,רועי,175
3782,רותם,228
854,רחוב,401
8400,רחובות,"143,904"
8400,רחובות,"3,096"
8400,רחובות,339
8400,רחובות,"3,813"
8400,רחובות,"4,060"
8400,רחובות,"3,799"
8400,רחובות,"5,503"
8400,רחובות,"4,261"
8400,רחובות,"4,206"
8400,רחובות,"8,758"
8400,רחובות,"3,750"
8400,רחובות,"4,145"
8400,רחובות,"2,412"
8400,רחובות,"4,611"
8400,רחובות,"3,301"
8400,רחובות,"1,509"
8400,רחובות,"7,179"
8400,רחובות,"3,333"
8400,רחובות,"5,512"
8400,רחובות,"2,508"
8400,רחובות,"6,791"
8400,רחובות,"3,194"
8400,רחובות,"5,808"
8400,רחובות,"5,112"
8400,רחובות,"3,544"
8400,רחובות,"2,614"
8400,רחובות,"4,985"
8400,רחובות,"4,147"
8400,רחובות,"3,617"
8400,רחובות,"1,236"
8400,רחובות,"7,564"
8400,רחובות,"5,054"
8400,רחובות,"7,977"
8400,רחובות,"5,433"
8400,רחובות,734
3822,רחלים,802
540,ריחאנייה,"1,195"
3568,ריחן,330
542,ריינה,"19,001"
3565,רימונים,700
616,רינתיה,"1,205"
922,רכסים,"12,668"
1069,רם-און,978
4702,רמות,552
206,רמות השבים,"1,730"
735,רמות מאיר,749
445,רמות מנשה,"1,159"
372,רמות נפתלי,546
8500,רמלה,"76,246"
8500,רמלה,"3,328"
8500,רמלה,"2,426"
8500,רמלה,"5,663"
8500,רמלה,"4,332"
8500,רמלה,"4,104"
8500,רמלה,"2,426"
8500,רמלה,"2,329"
8500,רמלה,"3,784"
8500,רמלה,"2,162"
8500,רמלה,"4,388"
8500,רמלה,"3,676"
8500,רמלה,"3,265"
8500,רמלה,"2,672"
8500,רמלה,"2,994"
8500,רמלה,"3,238"
8500,רמלה,"9,228"
8500,רמלה,"5,142"
8500,רמלה,"4,352"
8500,רמלה,"3,067"
8500,רמלה,"3,672"
8600,רמת גן,"163,480"
8600,רמת גן,"4,807"
8600,רמת גן,"3,551"
8600,רמת גן,"4,793"
8600,רמת גן,"2,806"
8600,רמת גן,"3,976"
8600,רמת גן,"3,661"
8600,רמת גן,"2,089"
8600,רמת גן,"3,179"
8600,רמת גן,751
8600,רמת גן,"2,613"
8600,רמת גן,"2,449"
8600,רמת גן,"3,629"
8600,רמת גן,"5,746"
8600,רמת גן,"3,878"
8600,רמת גן,"2,688"
8600,רמת גן,"4,498"
8600,רמת גן,"2,207"
8600,רמת גן,"4,316"
8600,רמת גן,"2,821"
8600,רמת גן,"3,493"
8600,רמת גן,"3,302"
8600,רמת גן,"2,396"
8600,רמת גן,"6,124"
8600,רמת גן,"5,218"
8600,רמת גן,"3,814"
8600,רמת גן,"6,611"
8600,רמת גן,"4,513"
8600,רמת גן,"4,390"
8600,רמת גן,"3,333"
8600,רמת גן,"3,220"
8600,רמת גן,"4,745"
8600,רמת גן,"3,778"
8600,רמת גן,"2,472"
8600,רמת גן,"5,234"
8600,רמת גן,"3,155"
8600,רמת גן,388
8600,רמת גן,"5,852"
8600,רמת גן,"5,272"
8600,רמת גן,"6,411"
8600,רמת גן,"4,155"
8600,רמת גן,106
8600,רמת גן,"3,272"
8600,רמת גן,488
8600,רמת גן,"7,279"
135,רמת דוד,521
184,רמת הכובש,"1,130"
335,רמת השופט,"1,101"
2650,רמת השרון,"47,245"
2650,רמת השרון,"6,985"
2650,רמת השרון,"5,027"
2650,רמת השרון,"5,099"
2650,רמת השרון,"3,851"
2650,רמת השרון,"4,290"
2650,רמת השרון,"3,926"
2650,רמת השרון,"3,779"
2650,רמת השרון,"4,723"
2650,רמת השרון,"3,278"
2650,רמת השרון,"2,589"
2650,רמת השרון,"3,692"
2650,רמת השרון,6
178,רמת יוחנן,"1,012"
122,רמת ישי,"7,785"
4701,רמת מגשימים,705
339,רמת צבי,710
460,רמת רזיאל,660
127,רמת רחל,545
789,רנן,703
713,רעים,409
8700,רעננה,"75,421"
8700,רעננה,"2,508"
8700,רעננה,"3,761"
8700,רעננה,"2,652"
8700,רעננה,"2,166"
8700,רעננה,"2,935"
8700,רעננה,"3,390"
8700,רעננה,"2,561"
8700,רעננה,"2,456"
8700,רעננה,"2,524"
8700,רעננה,"3,405"
8700,רעננה,"2,757"
8700,רעננה,"3,027"
8700,רעננה,"3,584"
8700,רעננה,"6,978"
8700,רעננה,"4,151"
8700,רעננה,"3,104"
8700,רעננה,"6,680"
8700,רעננה,"3,576"
8700,רעננה,"3,872"
8700,רעננה,"3,755"
8700,רעננה,"3,255"
8700,רעננה,"2,325"
1228,רקפת,"1,057"
247,רשפון,"1,458"
437,רשפים,"1,089"
1260,רתמים,537
324,שאר ישוב,668
1377,שבי דרום,171
282,שבי ציון,"1,205"
3571,שבי שומרון,977
913,שבלי - אום אל-גנם,"6,053"
1286,שגב-שלום,"10,936"
721,שדה אילן,590
304,שדה אליהו,691
861,שדה אליעזר,809
885,שדה בוקר,479
36,שדה דוד,594
284,שדה ורבורג,"1,478"
293,שדה יואב,583
142,שדה יעקב,"1,103"
2008,שדה יצחק,687
18,שדה משה,760
259,שדה נחום,806
329,שדה נחמיה,"1,235"
1058,שדה ניצן,335
739,שדה עוזיהו,"1,571"
2049,שדה צבי,665
327,שדות ים,"1,096"
27,שדות מיכה,378
1223,שדי אברהם,358
2015,שדי חמד,"1,019"
2057,שדי תרומות,463
555,שדמה,593
306,שדמות דבורה,683
3578,שדמות מחולה,666
1031,שדרות,"27,635"
1031,שדרות,"4,936"
1031,שדרות,"3,107"
1031,שדרות,"4,701"
1031,שדרות,"4,313"
1031,שדרות,"7,116"
1031,שדרות,"3,462"
741,שואבה,655
761,שובה,691
394,שובל,820
1304,שוהם,"21,045"
1304,שוהם,"5,636"
1304,שוהם,"6,639"
1304,שוהם,"4,626"
1304,שוהם,"4,144"
614,שומרה,353
1265,שומרייה,825
415,שוקדה,565
456,שורש,"1,247"
1235,שורשים,517
224,שושנת העמקים,505
527,שזור,323
7,שחר,879
1266,שחרות,164
865,שיבולים,299
658,שייח' דנון,"2,887"
3641,שילה,"4,356"
1165,שילת,771
1160,שכניה,814
873,שלווה,503
439,שלוחות,451
812,שלומי,"6,511"
1364,שלומית,365
366,שמיר,922
3784,שמעה,741
432,שמרת,580
1337,שמשית,"2,514"
1287,שני,544
1132,שניר,586
538,שעב,"7,061"
4009,שעל,276
856,שעלבים,"1,928"
661,שער אפרים,"1,907"
264,שער הגולן,543
237,שער העמקים,738
921,שער מנשה,574
3720,שערי תקווה,"6,039"
232,שפיים,"1,302"
692,שפיר,920
846,שפר,427
8800,שפרעם,"42,137"
3649,שקד,962
1233,שקף,501
292,שרונה,571
1114,שריגים (לי-און),"1,082"
126,שריד,883
398,שרשרת,321
1045,שתולה,293
763,שתולים,"2,116"
2062,תאשור,446
2061,תדהר,653
1172,תובל,319
3558,תומר,276
1083,תושייה,955
163,תימורים,777
10,תירוש,492
5000,תל אביב -יפו,"460,613"
5000,תל אביב -יפו,"12,198"
5000,תל אביב -יפו,"6,846"
5000,תל אביב -יפו,"5,622"
5000,תל אביב -יפו,"6,114"
5000,תל אביב -יפו,"3,795"
5000,תל אביב -יפו,"3,699"
5000,תל אביב -יפו,"4,867"
5000,תל אביב -יפו,"4,664"
5000,תל אביב -יפו,"4,836"
5000,תל אביב -יפו,"2,560"
5000,תל אביב -יפו,"3,194"
5000,תל אביב -יפו,"4,933"
5000,תל אביב -יפו,"5,342"
5000,תל אביב -יפו,"5,942"
5000,תל אביב -יפו,"5,601"
5000,תל אביב -יפו,"3,346"
5000,תל אביב -יפו,"3,056"
5000,תל אביב -יפו,"5,200"
5000,תל אביב -יפו,"2,647"
5000,תל אביב -יפו,"3,984"
5000,תל אביב -יפו,"5,301"
5000,תל אביב -יפו,"2,135"
5000,תל אביב -יפו,"3,751"
5000,תל אביב -יפו,"5,085"
5000,תל אביב -יפו,"4,226"
5000,תל אביב -יפו,"2,683"
5000,תל אביב -יפו,"3,936"
5000,תל אביב -יפו,245
5000,תל אביב -יפו,"2,465"
5000,תל אביב -יפו,"2,136"
5000,תל אביב -יפו,"4,386"
5000,תל אביב -יפו,"3,935"
5000,תל אביב -יפו,"1,865"
5000,תל אביב -יפו,"2,183"
5000,תל אביב -יפו,"1,758"
5000,תל אביב -יפו,"1,736"
5000,תל אביב -יפו,"4,207"
5000,תל אביב -יפו,"2,303"
5000,תל אביב -יפו,"3,785"
5000,תל אביב -יפו,"2,789"
5000,תל אביב -יפו,"1,549"
5000,תל אביב -יפו,"2,310"
5000,תל אביב -יפו,"1,675"
5000,תל אביב -יפו,"2,143"
5000,תל אביב -יפו,"1,858"
5000,תל אביב -יפו,"1,959"
5000,תל אביב -יפו,"2,188"
5000,תל אביב -יפו,"2,180"
5000,תל אביב -יפו,"2,257"
5000,תל אביב -יפו,"2,046"
5000,תל אביב -יפו,"2,261"
5000,תל אביב -יפו,"2,621"
5000,תל אביב -יפו,"2,961"
5000,תל אביב -יפו,"1,271"
5000,תל אביב -יפו,"1,718"
5000,תל אביב -יפו,"5,199"
5000,תל אביב -יפו,"4,873"
5000,תל אביב -יפו,"3,829"
5000,תל אביב -יפו,"3,085"
5000,תל אביב -יפו,"3,981"
5000,תל אביב -יפו,"2,745"
5000,תל אביב -יפו,"3,461"
5000,תל אביב -יפו,"3,299"
5000,תל אביב -יפו,"3,118"
5000,תל אביב -יפו,"2,395"
5000,תל אביב -יפו,"2,920"
5000,תל אביב -יפו,"4,102"
5000,תל אביב -יפו,"3,143"
5000,תל אביב -יפו,87
5000,תל אביב -יפו,"1,230"
5000,תל אביב -יפו,"2,053"
5000,תל אביב -יפו,"2,543"
5000,תל אביב -יפו,"1,355"
5000,תל אביב -יפו,"2,437"
5000,תל אביב -יפו,"2,613"
5000,תל אביב -יפו,"2,829"
5000,תל אביב -יפו,"3,685"
5000,תל אביב -יפו,"4,431"
5000,תל אביב -יפו,"3,391"
5000,תל אביב -יפו,"1,752"
5000,תל אביב -יפו,"1,962"
5000,תל אביב -יפו,"1,577"
5000,תל אביב -יפו,569
5000,תל אביב -יפו,"3,801"
5000,תל אביב -יפו,"1,296"
5000,תל אביב -יפו,"1,142"
5000,תל אביב -יפו,"1,630"
5000,תל אביב -יפו,"2,069"
5000,תל אביב -יפו,"1,119"
5000,תל אביב -יפו,"1,089"
5000,תל אביב -יפו,"2,189"
5000,תל אביב -יפו,"1,874"
5000,תל אביב -יפו,"2,946"
5000,תל אביב -יפו,"3,483"
5000,תל אביב -יפו,407
5000,תל אביב -יפו,"2,088"
5000,תל אביב -יפו,"2,091"
5000,תל אביב -יפו,"3,348"
5000,תל אביב -יפו,"1,517"
5000,תל אביב -יפו,"1,035"
5000,תל אביב -יפו,"2,578"
5000,תל אביב -יפו,"1,255"
5000,תל אביב -יפו,"2,419"
5000,תל אביב -יפו,"2,766"
5000,תל אביב -יפו,"3,694"
5000,תל אביב -יפו,"1,642"
5000,תל אביב -יפו,"3,350"
5000,תל אביב -יפו,"2,635"
5000,תל אביב -יפו,"3,684"
5000,תל אביב -יפו,"3,246"
5000,תל אביב -יפו,"4,104"
5000,תל אביב -יפו,"3,783"
5000,תל אביב -יפו,"3,763"
5000,תל אביב -יפו,"2,694"
5000,תל אביב -יפו,"2,854"
5000,תל אביב -יפו,"2,039"
5000,תל אביב -יפו,"5,518"
5000,תל אביב -יפו,"2,222"
5000,תל אביב -יפו,"3,305"
5000,תל אביב -יפו,637
5000,תל אביב -יפו,605
5000,תל אביב -יפו,512
5000,תל אביב -יפו,"3,005"
5000,תל אביב -יפו,"1,385"
5000,תל אביב -יפו,"2,259"
5000,תל אביב -יפו,"1,059"
5000,תל אביב -יפו,"3,832"
5000,תל אביב -יפו,"4,946"
5000,תל אביב -יפו,"4,584"
5000,תל אביב -יפו,"4,141"
5000,תל אביב -יפו,957
5000,תל אביב -יפו,"3,224"
5000,תל אביב -יפו,"1,794"
5000,תל אביב -יפו,"4,657"
5000,תל אביב -יפו,"2,054"
5000,תל אביב -יפו,269
5000,תל אביב -יפו,"1,255"
5000,תל אביב -יפו,"3,122"
5000,תל אביב -יפו,"3,120"
5000,תל אביב -יפו,"5,125"
5000,תל אביב -יפו,"4,095"
5000,תל אביב -יפו,"1,522"
5000,תל אביב -יפו,750
5000,תל אביב -יפו,"3,522"
5000,תל אביב -יפו,"1,707"
5000,תל אביב -יפו,"1,698"
5000,תל אביב -יפו,"3,375"
5000,תל אביב -יפו,"5,206"
5000,תל אביב -יפו,"4,064"
5000,תל אביב -יפו,"5,105"
5000,תל אביב -יפו,"3,028"
5000,תל אביב -יפו,"3,563"
5000,תל אביב -יפו,"2,643"
5000,תל אביב -יפו,"3,305"
5000,תל אביב -יפו,"4,799"
84,תל יוסף,560
287,תל יצחק,"1,021"
154,תל מונד,"13,144"
103,תל עדשים,"1,504"
719,תל קציר,417
1054,תל שבע,"20,808"
1283,תל תאומים,575
3719,תלם,445
1051,תלמי אליהו,302
2003,תלמי אלעזר,945
2050,"תלמי ביל""ו",529
1237,תלמי יוסף,329
727,תלמי יחיאל,997
744,תלמי יפה,818
814,תלמים,929
1244,תמרת,"1,292"
2002,תנובות,830
752,תעוז,629
709,תפרח,"2,178"
665,תקומה,722
3563,תקוע,"4,076"
1346,תרבין א-צאנע (יישוב)*,"1,139"
778,תרום,945
,,
